{
    "format_version": "1.20.10",
    "minecraft:item": {
        "description": {
            "identifier": "apple:ethereal_crossbow",
            "category": "equipment",
            "is_experimental": false
        },
        "components": {
            "minecraft:icon": "textures/items/ethereal_crossbow",
            "minecraft:use_duration": 0,
            "minecraft:stacked_by_data": true,
            "minecraft:geometry": "geometry.items.ethereal_crossbow",
            "minecraft:render_offsets": "offhand",
            "minecraft:animations": [
                {
                    "animation": "animations/items/ethereal_crossbow_animation.json",
                    "loop": false,
                    "events": [
                        {
                            "event": "apple:crossbow_shoot",
                            "sound": "sounds/items/ethereal_crossbow_shoot"
                        }
                    ]
                }
            ]
        }
    }
}