{
    "format_version": "1.21.70",
    "minecraft:item": {
        "description": {
            "identifier": "apple:flachette",
            "category": "misc",
            "is_experimental": false,
            "name": "Flachette"
        },
        "components": {
            "minecraft:icon": "textures/items/flachette",
            "minecraft:icon_mode": "overlay",
            "minecraft:icon_texture": "textures/items/flachette"
        }
    },
    "minecraft:projectile": {
        "description": {
            "identifier": "apple:flachette_projectile",
            "category": "misc"
        },
        "components": {
            "minecraft:icon": "textures/items/flachette",
            "minecraft:icon_mode": "overlay",
            "minecraft:icon_texture": "textures/items/flachette"
        }
    },
    "minecraft:effects": {
        "effect": "minecraft:poison",
        "duration": 200,
        "amplifier": 1
    }
}