{
    "format_version": "1.21.70",
    "minecraft:item": {
        "description": {
            "identifier": "apple:mm_cookie",
            "category": "food",
            "is_experimental": false,
            "name": "M&M Cookie",
            "icon": "textures/items/mm_cookie"
        },
        "components": {
            "minecraft:icon": "textures/items/mm_cookie",
            "minecraft:icon_mode": "overlay",
            "minecraft:icon_texture": "textures/items/mm_cookie"
        }
    },
    "minecraft:behavior": {
        "description": {
            "identifier": "apple:mm_cookie_behavior"
        },
        "components": {
            "minecraft:consume_on_use": true,
            "minecraft:food": {
                "hunger": 1,
                "saturation_modifier": "normal",
                "is_affected_by_bonemeal": false
            },
            "minecraft:effect": [
                {
                    "effect": "minecraft:instant_health",
                    "duration": 1,
                    "amplifier": 0
                },
                {
                    "effect": "minecraft:regeneration",
                    "duration": 400,
                    "amplifier": 1
                },
                {
                    "effect": "minecraft:absorption",
                    "duration": 2400,
                    "amplifier": 1
                }
            ]
        }
    }
}