{
    "format_version": "1.21.70",
    "minecraft:item": {
        "description": {
            "identifier": "apple:quartz_flask",
            "category": "misc",
            "is_experimental": false,
            "name": "Quartz Flask"
        },
        "components": {
            "minecraft:icon": "textures/items/quartz_flask",
            "minecraft:icon_mode": "overlay",
            "minecraft:icon_texture": "textures/items/quartz_flask"
        }
    },
    "minecraft:effect": {
        "description": {
            "identifier": "apple:quartz_flask_effect",
            "category": "effects",
            "name": "Instant Health II",
            "is_experimental": false
        },
        "components": {
            "minecraft:effect": "minecraft:instant_health",
            "minecraft:amplifier": 1,
            "minecraft:duration": 1
        }
    },
    "minecraft:behavior": {
        "description": {
            "identifier": "apple:quartz_flask_behavior"
        },
        "components": {
            "minecraft:drinking_penalty": false
        }
    }
}