{
    "format_version": "1.21.70",
    "minecraft:item": {
        "description": {
            "identifier": "apple:tome_of_power",
            "category": "misc",
            "is_experimental": false,
            "name": "Tome of Power",
            "icon": "textures/items/tome_of_power"
        },
        "components": {
            "minecraft:icon": "textures/items/tome_of_power",
            "minecraft:icon_mode": "overlay",
            "minecraft:icon_texture": "textures/items/tome_of_power"
        }
    },
    "minecraft:behavior": {
        "description": {
            "identifier": "apple:tome_of_power_behavior"
        },
        "components": {
            "minecraft:consume_on_use": true,
            "minecraft:effect": [
                {
                    "effect": "minecraft:strength",
                    "duration": 1800,
                    "amplifier": 3
                },
                {
                    "effect": "minecraft:absorption",
                    "duration": 2400,
                    "amplifier": 1
                }
            ]
        }
    }
}