{
    "format_version": "1.21.70",
    "minecraft:loot_table": {
        "pools": [
            {
                "rolls": 1,
                "entries": [
                    {
                        "type": "minecraft:item",
                        "name": "minecraft:golden_apple",
                        "weight": 8
                    },
                    {
                        "type": "minecraft:item",
                        "name": "apple:gappling",
                        "weight": 4
                    },
                    {
                        "type": "minecraft:item",
                        "name": "minecraft:enchanted_golden_apple",
                        "weight": 1
                    }
                ]
            }
        ]
    }
}