{
  "format_version": "1.10",
  "minecraft:item_model": {
    "description": {
      "identifier": "apple:ethereal_crossbow",
      "category": "Misc",
      "is_experimental": false
    },
    "texture_dimensions": [64, 64],
    "textures": {
      "texture": "textures/items/ethereal_crossbow",
      "glow": "textures/items/ethereal_crossbow_glow"
    },
    "geometry": {
      "default": "geometry.animated_crossbow"
    },
    "animations": {
      "firing": {
        "loop": true,
        "frames": [
          { "time": 0, "rotation": [0, 0, 0], "scale": [1, 1, 1] },
          { "time": 5, "rotation": [10, 0, 0], "scale": [1.2, 1.2, 1.2] },
          { "time": 10, "rotation": [0, 0, 0], "scale": [1, 1, 1] }
        ]
      }
    }
  }
}