{
  "format_version": "1.21.70",
  "minecraft:particle_effect": {
    "description": {
      "identifier": "apple:ethereal_trail",
      "particle_texture": "textures/particles/ethereal_trail.png"
    },
    "components": {
      "minecraft:emitter": {
        "rate": 0.1,
        "spread": [0.1, 0.1, 0.1],
        "direction": [0, 1, 0],
        "life_time": [0.5, 1.0]
      },
      "minecraft:particle_lifetime": {
        "min": 0.5,
        "max": 1.0
      },
      "minecraft:scale": {
        "start": 0.5,
        "end": 0.0
      }
    }
  }
}