{
    "format_version": "1.21.70",
    "minecraft:block": {
        "description": {
            "identifier": "apple:ametrine_ore",
            "category": "Natural",
            "is_experimental": false,
            "properties": [
                {
                    "name": "block_light_level",
                    "value": 6
                }
            ]
        },
        "components": {
            "minecraft:icon": "textures/blocks/ametrine_ore",
            "minecraft:loot": "loot_tables/blocks/ametrine_ore.json",
            "minecraft:destroy_time": 3,
            "minecraft:explosion_resistance": 6,
            "minecraft:tag": "minecraft:ores"
        }
    }
}