{
    "format_version": "1.21.70",
    "minecraft:block": {
        "description": {
            "identifier": "apple:gold_apple_tree_sapling",
            "is_experimental": false
        },
        "components": {
            "minecraft:placement_filter": {
                "conditions": [
                    {
                        "allowed_faces": ["up"],
                        "block_filter": ["minecraft:grass", "minecraft:dirt", "minecraft:farmland"]
                    }
                ]
            },
            "minecraft:loot": "loot_tables/blocks/gold_apple_tree_sapling.json",
            "minecraft:destroy_time": 0.2,
            "minecraft:explosion_resistance": 1.0,
            "minecraft:flammable": {
                "flame_odds": 60,
                "burn_odds": 30
            },
            "minecraft:on_interact": {
                "event": "grow_tree",
                "condition": "q.has_item('minecraft:bone_meal')"
            },
            "minecraft:random_tick": {
                "event": "grow_tree"
            },
            "minecraft:geometry": "geometry.sapling",
            "minecraft:material_instances": {
                "*": {
                    "texture": "gold_apple_tree_sapling"
                }
            },
            "minecraft:part_visibility": [
                { "name": "sapling", "visible": true }
            ],
            "minecraft:entity_collision": false
        },
        "events": {
            "grow_tree": {
                "sequence": [
                    {
                        "trigger": "minecraft:transform",
                        "transformation": "apple:gold_apple_tree"
                    }
                ]
            }
        }
    }
}